use autorenta;
-- Inserción de sucursales con datos reales o ficticios
INSERT INTO Sucursal (ciudad, direccion, telefono_fijo, celular, correo_electronico) VALUES
('Bogotá', 'Carrera 7 # 72-41', '123-4567', '321-765-4321', 'sucursal_bogota@autorenta.com'),
('Medellín', 'Calle 10 # 32-21', '234-5678', '321-654-9876', 'sucursal_medellin@autorenta.com'),
('Cali', 'Avenida 3N # 25-10', '345-6789', '321-543-8765', 'sucursal_cali@autorenta.com'),
('Barranquilla', 'Carrera 50 # 80-12', '456-7890', '321-432-7654', 'sucursal_barranquilla@autorenta.com'),
('Cartagena', 'Calle 24 # 15-30', '567-8901', '321-321-6543', 'sucursal_cartagena@autorenta.com');

-- inserciones empleados
-- Sucursal 1 (Bogotá)
INSERT INTO Empleado (id_sucursal, cedula, nombre, apellido1, apellido2, direccion, ciudad_residencia, celular, correo_electronico) VALUES
(1, '1010101001', 'Juan', 'Pérez', 'Gómez', 'Calle 123 # 45-67', 'Bogotá', '321-123-4567', 'juan.perez@autorenta.com'),
(1, '1010101002', 'María', 'González', 'Martínez', 'Carrera 78 # 34-56', 'Bogotá', '321-234-5678', 'maria.gonzalez@autorenta.com'),
(1, '1010101003', 'Carlos', 'Rodríguez', 'López', 'Av. Primera # 12-34', 'Bogotá', '321-345-6789', 'carlos.rodriguez@autorenta.com'),
(1, '1010101004', 'Laura', 'Martínez', 'Hernández', 'Cra. 56 # 78-90', 'Bogotá', '321-456-7890', 'laura.martinez@autorenta.com'),
(1, '1010101005', 'Pedro', 'Sánchez', 'Ramírez', 'Cl. 90 # 56-78', 'Bogotá', '321-567-8901', 'pedro.sanchez@autorenta.com'),
(1, '1010101006', 'Ana', 'López', 'Gómez', 'Cra. 23 # 45-67', 'Bogotá', '321-678-9012', 'ana.lopez@autorenta.com'),
(1, '1010101007', 'Martín', 'Ramírez', 'Pérez', 'Av. 34 # 56-78', 'Bogotá', '321-789-0123', 'martin.ramirez@autorenta.com'),
(1, '1010101008', 'Sofía', 'Gómez', 'López', 'Cl. 67 # 89-01', 'Bogotá', '321-890-1234', 'sofia.gomez@autorenta.com'),
(1, '1010101009', 'Javier', 'Martínez', 'Sánchez', 'Cra. 12 # 34-56', 'Bogotá', '321-901-2345', 'javier.martinez@autorenta.com'),
(1, '1010101010', 'Camila', 'Hernández', 'Ramírez', 'Av. 56 # 78-90', 'Bogotá', '321-012-3456', 'camila.hernandez@autorenta.com'),
(1, '1010101011', 'Diego', 'Pérez', 'Martínez', 'Cl. 78 # 90-12', 'Bogotá', '321-123-4567', 'diego.perez@autorenta.com'),
(1, '1010101012', 'Luis', 'Gómez', 'González', 'Cra. 34 # 56-78', 'Bogotá', '321-234-5678', 'luis.gomez@autorenta.com'),
(1, '1010101013', 'Valentina', 'Ramírez', 'López', 'Av. 45 # 67-89', 'Bogotá', '321-345-6789', 'valentina.ramirez@autorenta.com'),
(1, '1010101014', 'Mateo', 'Martínez', 'Hernández', 'Cl. 56 # 78-90', 'Bogotá', '321-456-7890', 'mateo.martinez@autorenta.com'),
(1, '1010101015', 'Lucía', 'Sánchez', 'Pérez', 'Cra. 78 # 90-12', 'Bogotá', '321-567-8901', 'lucia.sanchez@autorenta.com'),
(1, '1010101016', 'Felipe', 'López', 'Ramírez', 'Av. 12 # 34-56', 'Bogotá', '321-678-9012', 'felipe.lopez@autorenta.com'),
(1, '1010101017', 'María José', 'Gómez', 'Martínez', 'Cl. 34 # 56-78', 'Bogotá', '321-789-0123', 'mariajose.gomez@autorenta.com'),
(1, '1010101018', 'Andrés', 'Hernández', 'López', 'Cra. 56 # 78-90', 'Bogotá', '321-890-1234', 'andres.hernandez@autorenta.com'),
(1, '1010101019', 'Valeria', 'Pérez', 'Sánchez', 'Av. 67 # 89-01', 'Bogotá', '321-901-2345', 'valeria.perez@autorenta.com'),
(1, '1010101020', 'Santiago', 'Martínez', 'Ramírez', 'Cl. 23 # 45-67', 'Bogotá', '321-012-3456', 'santiago.martinez@autorenta.com'),
-- Sucursal 2 (Medellín)
(2, '2020202001', 'Andrés', 'López', 'García', 'Cra. 12 # 34-56', 'Medellín', '321-123-4567', 'andres.lopez@autorenta.com'),
(2, '2020202002', 'Sofía', 'Díaz', 'Pérez', 'Cl. 45 # 67-89', 'Medellín', '321-234-5678', 'sofia.diaz@autorenta.com'),
(2, '2020202003', 'Jorge', 'Ramírez', 'Sánchez', 'Av. 78 # 90-12', 'Medellín', '321-345-6789', 'jorge.ramirez@autorenta.com'),
(2, '2020202004', 'Ana', 'Gómez', 'Martínez', 'Cra. 34 # 56-78', 'Medellín', '321-456-7890', 'ana.gomez@autorenta.com'),
(2, '2020202005', 'Luis', 'Hernández', 'González', 'Cl. 56 # 78-90', 'Medellín', '321-567-8901', 'luis.hernandez@autorenta.com'),
(2, '2020202006', 'Valentina', 'Pérez', 'López', 'Av. 67 # 89-01', 'Medellín', '321-678-9012', 'valentina.perez@autorenta.com'),
(2, '2020202007', 'Mateo', 'García', 'Ramírez', 'Cra. 78 # 90-12', 'Medellín', '321-789-0123', 'mateo.garcia@autorenta.com'),
(2, '2020202008', 'Lucía', 'Martínez', 'Hernández', 'Cl. 23 # 45-67', 'Medellín', '321-890-1234', 'lucia.martinez@autorenta.com'),
(2, '2020202009', 'Felipe', 'Ramírez', 'Gómez', 'Av. 12 # 34-56', 'Medellín', '321-901-2345', 'felipe.ramirez@autorenta.com'),
(2, '2020202010', 'María José', 'López', 'Pérez', 'Cra. 45 # 67-89', 'Medellín', '321-012-3456', 'mariajose.lopez@autorenta.com'),
(2, '2020202011', 'Andrea', 'Gómez', 'Martínez', 'Cl. 78 # 90-12', 'Medellín', '321-123-4567', 'andrea.gomez@autorenta.com'),
(2, '2020202012', 'Martín', 'Hernández', 'López', 'Av. 34 # 56-78', 'Medellín', '321-234-5678', 'martin.hernandez@autorenta.com'),
(2, '2020202013', 'Juliana', 'Ramírez', 'García', 'Cl. 56 # 78-90', 'Medellín', '321-345-6789', 'juliana.ramirez@autorenta.com'),
(2, '2020202014', 'Sebastián', 'Martínez', 'Hernández', 'Av. 67 # 89-01', 'Medellín', '321-456-7890', 'sebastian.martinez@autorenta.com'),
(2, '2020202015', 'Valeria', 'Gómez', 'Ramírez', 'Cra. 78 # 90-12', 'Medellín', '321-567-8901', 'valeria.gomez@autorenta.com'),
(2, '2020202016', 'Camilo', 'López', 'Martínez', 'Cl. 23 # 45-67', 'Medellín', '321-678-9012', 'camilo.lopez@autorenta.com'),
(2, '2020202017', 'Isabella', 'Pérez', 'Hernández', 'Av. 12 # 34-56', 'Medellín', '321-789-0123', 'isabella.perez@autorenta.com'),
(2, '2020202018', 'Juan Pablo', 'García', 'López', 'Cra. 45 # 67-89', 'Medellín', '321-890-1234', 'juanpablo.garcia@autorenta.com'),
(2, '2020202019', 'Valentina', 'Martínez', 'Ramírez', 'Cl. 78 # 90-12', 'Medellín', '321-901-2345', 'valentina.martinez@autorenta.com'),
(2, '2020202020', 'Daniel', 'Ramírez', 'Gómez', 'Av. 34 # 56-78', 'Medellín', '321-012-3456', 'daniel.ramirez@autorenta.com'),
-- Sucursal 3 (Cali)
(3, '3030303001', 'Manuel', 'López', 'Martínez', 'Cra. 34 # 56-78', 'Cali', '321-123-4567', 'manuel.lopez@autorenta.com'),
(3, '3030303002', 'Gabriela', 'Ramírez', 'Gómez', 'Cl. 56 # 78-90', 'Cali', '321-234-5678', 'gabriela.ramirez@autorenta.com'),
(3, '3030303003', 'Lucas', 'Martínez', 'López', 'Av. 67 # 89-01', 'Cali', '321-345-6789', 'lucas.martinez@autorenta.com'),
(3, '3030303004', 'Valentina', 'Gómez', 'Ramírez', 'Cra. 78 # 90-12', 'Cali', '321-456-7890', 'valentina.gomez@autorenta.com'),
(3, '3030303005', 'Mateo', 'López', 'Martínez', 'Cl. 23 # 45-67', 'Cali', '321-567-8901', 'mateo.lopez@autorenta.com'),
(3, '3030303006', 'Camila', 'Ramírez', 'Gómez', 'Av. 12 # 34-56', 'Cali', '321-678-9012', 'camila.ramirez@autorenta.com'),
(3, '3030303007', 'Martín', 'Martínez', 'López', 'Cra. 45 # 67-89', 'Cali', '321-789-0123', 'martin.martinez@autorenta.com'),
(3, '3030303008', 'Sofía', 'Gómez', 'Ramírez', 'Cl. 78 # 90-12', 'Cali', '321-890-1234', 'sofia.gomez@autorenta.com'),
(3, '3030303009', 'Joaquín', 'López', 'Martínez', 'Av. 34 # 56-78', 'Cali', '321-901-2345', 'joaquin.lopez@autorenta.com'),
(3, '3030303010', 'Isabella', 'Ramírez', 'Gómez', 'Cra. 56 # 78-90', 'Cali', '321-012-3456', 'isabella.ramirez@autorenta.com'),
(3, '3030303011', 'Juan José', 'Martínez', 'López', 'Cl. 67 # 89-01', 'Cali', '321-123-4567', 'juanjose.martinez@autorenta.com'),
(3, '3030303012', 'Valeria', 'Gómez', 'Ramírez', 'Av. 78 # 90-12', 'Cali', '321-234-5678', 'valeria.gomez@autorenta.com'),
(3, '3030303013', 'Andrés', 'Ramírez', 'Martínez', 'Cra. 12 # 34-56', 'Cali', '321-345-6789', 'andres.ramirez@autorenta.com'),
(3, '3030303014', 'María José', 'López', 'Gómez', 'Cl. 34 # 56-78', 'Cali', '321-456-7890', 'mariajose.lopez@autorenta.com'),
(3, '3030303015', 'Martina', 'Martínez', 'Ramírez', 'Av. 45 # 67-89', 'Cali', '321-567-8901', 'martina.martinez@autorenta.com'),
(3, '3030303016', 'Simón', 'Gómez', 'López', 'Cra. 78 # 90-12', 'Cali', '321-678-9012', 'simon.gomez@autorenta.com'),
(3, '3030303017', 'Luciana', 'Ramírez', 'Martínez', 'Cl. 90 # 12-34', 'Cali', '321-789-0123', 'luciana.ramirez@autorenta.com'),
(3, '3030303018', 'Tomás', 'López', 'Gómez', 'Av. 21 # 43-65', 'Cali', '321-890-1234', 'tomas.lopez@autorenta.com'),
(3, '3030303019', 'Camilo', 'Martínez', 'Ramírez', 'Cra. 65 # 87-09', 'Cali', '321-901-2345', 'camilo.martinez@autorenta.com'),
(3, '3030303020', 'Isabella', 'Gómez', 'López', 'Cl. 87 # 09-21', 'Cali', '321-012-3456', 'isabella.gomez@autorenta.com'),
-- Sucursal 4 (Barranquilla)
(4, '4040404001', 'Emilio', 'Martínez', 'Gómez', 'Cl. 56 # 78-90', 'Barranquilla', '321-123-4567', 'emilio.martinez@autorenta.com'),
(4, '4040404002', 'Luciana', 'Sánchez', 'González', 'Cra. 33 # 543', 'Barranquilla', '321-321-6543', 'luciana.sanchez@autorenta.com'),
(4, '4040404003', 'Juan Pablo', 'Hernández', 'Ramírez', 'Cl. 34 # 432', 'Barranquilla', '321-432-7654', 'juanpablo.hernandez@autorenta.com'),
(4, '4040404004', 'Valentina', 'Gómez', 'Martínez', 'Av. 35 # 321', 'Barranquilla', '321-543-8765', 'valentina.gomez@autorenta.com'),
(4, '4040404005', 'Matías', 'Ramírez', 'López', 'Cra. 36 # 210', 'Barranquilla', '321-654-9876', 'matias.ramirez@autorenta.com'),
(4, '4040404006', 'María José', 'Martínez', 'Sánchez', 'Av. 37 # 109', 'Barranquilla', '321-765-0987', 'mariajose.martinez@autorenta.com'),
(4, '4040404007', 'Andrés', 'López', 'Gómez', 'Cl. 38 # 908', 'Barranquilla', '321-876-1098', 'andres.lopez@autorenta.com'),
(4, '4040404008', 'Valeria', 'Gómez', 'Hernández', 'Cra. 39 # 987', 'Barranquilla', '321-987-2109', 'valeria.gomez@autorenta.com'),
(4, '4040404009', 'Daniel', 'Ramírez', 'Martínez', 'Av. 40 # 876', 'Barranquilla', '321-098-3210', 'daniel.ramirez@autorenta.com'),
(4, '4040404010', 'Sofía', 'Martínez', 'López', 'Cl. 41 # 765', 'Barranquilla', '321-210-4321', 'sofia.martinez@autorenta.com'),
(4, '4040404011', 'Joaquín', 'López', 'Ramírez', 'Cra. 42 # 654', 'Barranquilla', '321-321-5432', 'joaquin.lopez@autorenta.com'),
(4, '4040404012', 'Camila', 'Gómez', 'Martínez', 'Av. 43 # 543', 'Barranquilla', '321-432-6543', 'camila.gomez@autorenta.com'),
(4, '4040404013', 'Martín', 'Ramírez', 'López', 'Cl. 44 # 432', 'Barranquilla', '321-543-7654', 'martin.ramirez@autorenta.com'),
(4, '4040404014', 'Lucía', 'Martínez', 'Gómez', 'Cra. 45 # 321', 'Barranquilla', '321-654-8765', 'lucia.martinez@autorenta.com'),
(4, '4040404015', 'Felipe', 'Gómez', 'Ramírez', 'Av. 46 # 210', 'Barranquilla', '321-765-9876', 'felipe.gomez@autorenta.com'),
(4, '4040404016', 'Isabella', 'López', 'Martínez', 'Cl. 47 # 109', 'Barranquilla', '321-876-0987', 'isabella.lopez@autorenta.com'),
(4, '4040404017', 'Sebastián', 'Ramírez', 'Gómez', 'Cra. 48 # 908', 'Barranquilla', '321-987-1098', 'sebastian.ramirez@autorenta.com'),
(4, '4040404018', 'Valentina', 'Martínez', 'López', 'Av. 49 # 987', 'Barranquilla', '321-098-2109', 'valentina.martinez@autorenta.com'),
(4, '4040404019', 'Juan Pablo', 'Gómez', 'Ramírez', 'Cl. 50 # 876', 'Barranquilla', '321-210-3210', 'juanpablo.gomez@autorenta.com'),
(4, '4040404020', 'Valeria', 'Ramírez', 'Martínez', 'Cra. 51 # 765', 'Barranquilla', '321-321-4321', 'valeria.ramirez@autorenta.com'),
-- Sucursal 5 (Cartagena)
(5, '5050505001', 'Diego', 'Martínez', 'Gómez', 'Av. 56 # 78-90', 'Cartagena', '321-123-4567', 'diego.martinez@autorenta.com'),
(5, '5050505002', 'María', 'López', 'Ramírez', 'Cl. 67 # 89-01', 'Cartagena', '321-234-5678', 'maria.lopez@autorenta.com'),
(5, '5050505003', 'Juan José', 'Gómez', 'Martínez', 'Cra. 78 # 90-12', 'Cartagena', '321-345-6789', 'juanjose.gomez@autorenta.com'),
(5, '5050505004', 'Valentina', 'Ramírez', 'López', 'Av. 12 # 34-56', 'Cartagena', '321-456-7890', 'valentina.ramirez@autorenta.com'),
(5, '5050505005', 'Andrés', 'Martínez', 'Gómez', 'Cl. 23 # 45-67', 'Cartagena', '321-567-8901', 'andres.martinez@autorenta.com'),
(5, '5050505006', 'Sofía', 'López', 'Ramírez', 'Cra. 34 # 56-78', 'Cartagena', '321-678-9012', 'sofia.lopez@autorenta.com'),
(5, '5050505007', 'Martín', 'Gómez', 'Martínez', 'Av. 45 # 67-89', 'Cartagena', '321-789-0123', 'martin.gomez@autorenta.com'),
(5, '5050505008', 'Camila', 'Ramírez', 'López', 'Cl. 56 # 78-90', 'Cartagena', '321-890-1234', 'camila.ramirez@autorenta.com'),
(5, '5050505009', 'Joaquín', 'Martínez', 'Gómez', 'Cra. 67 # 89-01', 'Cartagena', '321-901-2345', 'joaquin.martinez@autorenta.com'),
(5, '5050505010', 'Valeria', 'López', 'Ramírez', 'Av. 78 # 90-12', 'Cartagena', '321-012-3456', 'valeria.lopez@autorenta.com'),
(5, '5050505011', 'Daniel', 'Gómez', 'Martínez', 'Cl. 89 # 01-23', 'Cartagena', '321-123-4567', 'daniel.gomez@autorenta.com'),
(5, '5050505012', 'Lucía', 'Ramírez', 'López', 'Cra. 90 # 12-34', 'Cartagena', '321-234-5678', 'lucia.ramirez@autorenta.com'),
(5, '5050505013', 'Sebastián', 'Martínez', 'Gómez', 'Av. 01 # 23-45', 'Cartagena', '321-345-6789', 'sebastian.martinez@autorenta.com'),
(5, '5050505014', 'María José', 'López', 'Ramírez', 'Cl. 12 # 34-56', 'Cartagena', '321-456-7890', 'mariajose.lopez@autorenta.com'),
(5, '5050505015', 'Juan Pablo', 'Gómez', 'Martínez', 'Cra. 23 # 45-67', 'Cartagena', '321-567-8901', 'juanpablo.gomez@autorenta.com'),
(5, '5050505016', 'Valentina', 'Ramírez', 'López', 'Av. 34 # 56-78', 'Cartagena', '321-678-9012', 'valentina.ramirez@autorenta.com'),
(5, '5050505017', 'Andrés', 'Martínez', 'Gómez', 'Cl. 45 # 67-89', 'Cartagena', '321-789-0123', 'andres.martinez@autorenta.com'),
(5, '5050505018', 'Sofía', 'López', 'Ramírez', 'Cra. 56 # 78-90', 'Cartagena', '321-890-1234', 'sofia.lopez@autorenta.com'),
(5, '5050505019', 'Martín', 'Gómez', 'Martínez', 'Av. 67 # 89-01', 'Cartagena', '321-901-2345', 'martin.gomez@autorenta.com'),
(5, '5050505020', 'Camila', 'Ramírez', 'López', 'Cl. 78 # 90-12', 'Cartagena', '321-012-3456', 'camila.ramirez@autorenta.com');

-- inserciones clientes
-- Sucursal 1 (Bogotá)
INSERT INTO Cliente (cedula, nombres, apellido1, apellido2, direccion, ciudad_residencia, celular, correo_electronico) VALUES
('1010101001', 'Carlos', 'Gómez', 'Martínez', 'Cl. 34 # 56-78', 'Bogotá', '311-123-4567', 'carlos.gomez@cliente.com'),
('1010101002', 'Laura', 'Ramírez', 'López', 'Av. 45 # 67-89', 'Bogotá', '311-234-5678', 'laura.ramirez@cliente.com'),
('1010101003', 'Juan', 'Martínez', 'Gómez', 'Cra. 56 # 78-90', 'Bogotá', '311-345-6789', 'juan.martinez@cliente.com'),
('1010101004', 'Valentina', 'López', 'Ramírez', 'Cl. 67 # 89-01', 'Bogotá', '311-456-7890', 'valentina.lopez@cliente.com'),
('1010101005', 'Andrés', 'Gómez', 'Martínez', 'Av. 78 # 90-12', 'Bogotá', '311-567-8901', 'andres.gomez@cliente.com'),
('1010101006', 'Sofía', 'Ramírez', 'López', 'Cl. 12 # 34-56', 'Bogotá', '311-678-9012', 'sofia.ramirez@cliente.com'),
('1010101007', 'Mateo', 'Martínez', 'Gómez', 'Cra. 23 # 45-67', 'Bogotá', '311-789-0123', 'mateo.martinez@cliente.com'),
('1010101008', 'Camila', 'López', 'Ramírez', 'Av. 34 # 56-78', 'Bogotá', '311-890-1234', 'camila.lopez@cliente.com'),
('1010101009', 'Martín', 'Gómez', 'Martínez', 'Cl. 45 # 67-89', 'Bogotá', '311-901-2345', 'martin.gomez@cliente.com'),
('1010101010', 'Lucía', 'Ramírez', 'López', 'Cra. 56 # 78-90', 'Bogotá', '311-012-3456', 'lucia.ramirez@cliente.com'),
('1010101011', 'Sebastián', 'Martínez', 'Gómez', 'Av. 67 # 89-01', 'Bogotá', '311-123-4567', 'sebastian.martinez@cliente.com'),
('1010101012', 'María José', 'López', 'Ramírez', 'Cl. 78 # 90-12', 'Bogotá', '311-234-5678', 'mariajose.lopez@cliente.com'),
('1010101013', 'Andrea', 'Gómez', 'Martínez', 'Cra. 89 # 01-23', 'Bogotá', '311-345-6789', 'andrea.gomez@cliente.com'),
('1010101014', 'Felipe', 'Ramírez', 'López', 'Av. 90 # 12-34', 'Bogotá', '311-456-7890', 'felipe.ramirez@cliente.com'),
('1010101015', 'Valentina', 'Martínez', 'Gómez', 'Cl. 01 # 23-45', 'Bogotá', '311-567-8901', 'valentina.martinez@cliente.com'),
('1010101016', 'Juan Pablo', 'López', 'Ramírez', 'Cra. 12 # 34-56', 'Bogotá', '311-678-9012', 'juanpablo.lopez@cliente.com'),
('1010101017', 'Luciana', 'Gómez', 'Martínez', 'Av. 23 # 45-67', 'Bogotá', '311-789-0123', 'luciana.gomez@cliente.com'),
('1010101018', 'Tomás', 'Ramírez', 'López', 'Cl. 34 # 56-78', 'Bogotá', '311-890-1234', 'tomas.ramirez@cliente.com'),
('1010101019', 'Camila', 'Martínez', 'Gómez', 'Cra. 45 # 67-89', 'Bogotá', '311-901-2345', 'camila.martinez@cliente.com'),
('1010101020', 'Daniel', 'López', 'Ramírez', 'Av. 56 # 78-90', 'Bogotá', '311-012-3456', 'daniel.lopez@cliente.com'),
-- Sucursal 2 (Medellín)
('2020202001', 'Ana', 'Gómez', 'Martínez', 'Cl. 56 # 78-90', 'Medellín', '322-123-4567', 'ana.gomez@cliente.com'),
('2020202002', 'Juan', 'Ramírez', 'López', 'Av. 67 # 89-01', 'Medellín', '322-234-5678', 'juan.ramirez@cliente.com'),
('2020202003', 'María', 'Martínez', 'Gómez', 'Cra. 78 # 90-12', 'Medellín', '322-345-6789', 'maria.martinez@cliente.com'),
('2020202004', 'Andrés', 'López', 'Ramírez', 'Cl. 23 # 45-67', 'Medellín', '322-456-7890', 'andres.lopez@cliente.com'),
('2020202005', 'Sofía', 'Gómez', 'Martínez', 'Av. 12 # 34-56', 'Medellín', '322-567-8901', 'sofia.gomez@cliente.com'),
('2020202006', 'Mateo', 'Ramírez', 'López', 'Cra. 45 # 67-89', 'Medellín', '322-678-9012', 'mateo.ramirez@cliente.com'),
('2020202007', 'Camila', 'Martínez', 'Gómez', 'Cl. 78 # 90-12', 'Medellín', '322-789-0123', 'camila.martinez@cliente.com'),
('2020202008', 'Martín', 'López', 'Ramírez', 'Av. 34 # 56-78', 'Medellín', '322-890-1234', 'martin.lopez@cliente.com'),
('2020202009', 'Lucía', 'Gómez', 'Martínez', 'Cl. 56 # 78-90', 'Medellín', '322-901-2345', 'lucia.gomez@cliente.com'),
('2020202010', 'Tomás', 'Ramírez', 'López', 'Av. 67 # 89-01', 'Medellín', '322-012-3456', 'tomas.ramirez@cliente.com'),
('2020202011', 'Valentina', 'Martínez', 'Gómez', 'Cra. 78 # 90-12', 'Medellín', '322-123-4567', 'valentina.martinez@cliente.com'),
('2020202012', 'Juan Pablo', 'López', 'Ramírez', 'Cl. 23 # 45-67', 'Medellín', '322-234-5678', 'juanpablo.lopez@cliente.com'),
('2020202013', 'Juliana', 'Gómez', 'Martínez', 'Av. 12 # 34-56', 'Medellín', '322-345-6789', 'juliana.gomez@cliente.com'),
('2020202014', 'Sebastián', 'Ramírez', 'López', 'Cra. 45 # 67-89', 'Medellín', '322-456-7890', 'sebastian.ramirez@cliente.com'),
('2020202015', 'Valeria', 'Martínez', 'Gómez', 'Cl. 78 # 90-12', 'Medellín', '322-567-8901', 'valeria.martinez@cliente.com'),
('2020202016', 'Daniel', 'López', 'Ramírez', 'Av. 34 # 56-78', 'Medellín', '322-678-9012', 'daniel.lopez@cliente.com'),
('2020202017', 'Luciana', 'Gómez', 'Martínez', 'Cl. 56 # 78-90', 'Medellín', '322-789-0123', 'luciana.gomez@cliente.com'),
('2020202018', 'Tomás', 'Ramírez', 'López', 'Av. 67 # 89-01', 'Medellín', '322-890-1234', 'tomas.ramirez@cliente.com'),
('2020202019', 'Camila', 'Martínez', 'Gómez', 'Cra. 78 # 90-12', 'Medellín', '322-901-2345', 'camila.martinez@cliente.com'),
('2020202020', 'Martín', 'López', 'Ramírez', 'Cl. 56 # 78-90', 'Medellín', '322-012-3456', 'martin.lopez@cliente.com'),
 -- sucursal 3 (cali)
('3030303001', 'Ana', 'Ramírez', 'Gómez', 'Av. 67 # 89-01', 'Cali', '333-123-4567', 'ana.ramirez@cliente.com'),
('3030303002', 'Juan', 'Martínez', 'López', 'Cl. 78 # 90-12', 'Cali', '333-234-5678', 'juan.martinez@cliente.com'),
('3030303003', 'María', 'López', 'Ramírez', 'Cra. 89 # 01-23', 'Cali', '333-345-6789', 'maria.lopez@cliente.com'),
('3030303004', 'Andrés', 'Martínez', 'Gómez', 'Av. 90 # 12-34', 'Cali', '333-456-7890', 'andres.martinez@cliente.com'),
('3030303005', 'Sofía', 'Ramírez', 'López', 'Cl. 01 # 23-45', 'Cali', '333-567-8901', 'sofia.ramirez@cliente.com'),
('3030303006', 'Mateo', 'Martínez', 'Gómez', 'Cra. 12 # 34-56', 'Cali', '333-678-9012', 'mateo.martinez@cliente.com'),
('3030303007', 'Camila', 'López', 'Ramírez', 'Av. 23 # 45-67', 'Cali', '333-789-0123', 'camila.lopez@cliente.com'),
('3030303008', 'Martín', 'Martínez', 'Gómez', 'Cl. 34 # 56-78', 'Cali', '333-890-1234', 'martin.martinez@cliente.com'),
('3030303009', 'Lucía', 'López', 'Ramírez', 'Cra. 45 # 67-89', 'Cali', '333-901-2345', 'lucia.lopez@cliente.com'),
('3030303010', 'Tomás', 'Martínez', 'Gómez', 'Av. 56 # 78-90', 'Cali', '333-012-3456', 'tomas.martinez@cliente.com'),
('3030303011', 'Valentina', 'Ramírez', 'López', 'Cl. 67 # 89-01', 'Cali', '333-123-4567', 'valentina.ramirez@cliente.com'),
('3030303012', 'Juan Pablo', 'Martínez', 'Gómez', 'Cra. 78 # 90-12', 'Cali', '333-234-5678', 'juanpablo.martinez@cliente.com'),
('3030303013', 'Juliana', 'López', 'Ramírez', 'Av. 89 # 01-23', 'Cali', '333-345-6789', 'juliana.lopez@cliente.com'),
('3030303014', 'Sebastián', 'Martínez', 'Gómez', 'Cl. 90 # 12-34', 'Cali', '333-456-7890', 'sebastian.martinez@cliente.com'),
('3030303015', 'Valeria', 'Ramírez', 'López', 'Cra. 01 # 23-45', 'Cali', '333-567-8901', 'valeria.ramirez@cliente.com'),
('3030303016', 'Daniel', 'Martínez', 'Gómez', 'Av. 12 # 34-56', 'Cali', '333-678-9012', 'daniel.martinez@cliente.com'),
('3030303017', 'Luciana', 'Ramírez', 'López', 'Cl. 23 # 45-67', 'Cali', '333-789-0123', 'luciana.ramirez@cliente.com'),
('3030303018', 'Tomás', 'Martínez', 'Gómez', 'Av. 34 # 56-78', 'Cali', '333-890-1234', 'tomas.martinez@cliente.com'),
('3030303019', 'Camila', 'Ramírez', 'López', 'Cl. 45 # 67-89', 'Cali', '333-901-2345', 'camila.ramirez@cliente.com'),
('3030303020', 'Martín', 'Martínez', 'Gómez', 'Cra. 56 # 78-90', 'Cali', '333-012-3456', 'martin.martinez@cliente.com'),
-- surcursal 4 (barranquilla)
('4040404001', 'Ana', 'Ramírez', 'Gómez', 'Av. 45 # 67-89', 'Barranquilla', '344-123-4567', 'ana.ramirez@cliente.com'),
('4040404002', 'Juan', 'Martínez', 'López', 'Cl. 56 # 78-90', 'Barranquilla', '344-234-5678', 'juan.martinez@cliente.com'),
('4040404003', 'María', 'López', 'Ramírez', 'Av. 67 # 89-01', 'Barranquilla', '344-345-6789', 'maria.lopez@cliente.com'),
('4040404004', 'Andrés', 'Martínez', 'Gómez', 'Cl. 78 # 90-12', 'Barranquilla', '344-456-7890', 'andres.martinez@cliente.com'),
('4040404005', 'Sofía', 'Ramírez', 'López', 'Av. 89 # 01-23', 'Barranquilla', '344-567-8901', 'sofia.ramirez@cliente.com'),
('4040404006', 'Mateo', 'Martínez', 'Gómez', 'Cl. 90 # 12-34', 'Barranquilla', '344-678-9012', 'mateo.martinez@cliente.com'),
('4040404007', 'Camila', 'López', 'Ramírez', 'Av. 01 # 23-45', 'Barranquilla', '344-789-0123', 'camila.lopez@cliente.com'),
('4040404008', 'Martín', 'Martínez', 'Gómez', 'Cl. 12 # 34-56', 'Barranquilla', '344-890-1234', 'martin.martinez@cliente.com'),
('4040404009', 'Lucía', 'López', 'Ramírez', 'Av. 23 # 45-67', 'Barranquilla', '344-901-2345', 'lucia.lopez@cliente.com'),
('4040404010', 'Tomás', 'Martínez', 'Gómez', 'Cl. 34 # 56-78', 'Barranquilla', '344-012-3456', 'tomas.martinez@cliente.com'),
('4040404011', 'Valentina', 'Ramírez', 'López', 'Av. 45 # 67-89', 'Barranquilla', '344-123-4567', 'valentina.ramirez@cliente.com'),
('4040404012', 'Juan Pablo', 'Martínez', 'Gómez', 'Cl. 56 # 78-90', 'Barranquilla', '344-234-5678', 'juanpablo.martinez@cliente.com'),
('4040404013', 'Juliana', 'López', 'Ramírez', 'Av. 67 # 89-01', 'Barranquilla', '344-345-6789', 'juliana.lopez@cliente.com'),
('4040404014', 'Sebastián', 'Martínez', 'Gómez', 'Cl. 78 # 90-12', 'Barranquilla', '344-456-7890', 'sebastian.martinez@cliente.com'),
('4040404015', 'Valeria', 'Ramírez', 'López', 'Av. 89 # 01-23', 'Barranquilla', '344-567-8901', 'valeria.ramirez@cliente.com'),
('4040404016', 'Daniel', 'Martínez', 'Gómez', 'Cl. 90 # 12-34', 'Barranquilla', '344-678-9012', 'daniel.martinez@cliente.com'),
('4040404017', 'Luciana', 'Ramírez', 'López', 'Av. 01 # 23-45', 'Barranquilla', '344-789-0123', 'luciana.ramirez@cliente.com'),
('4040404018', 'Tomás', 'Martínez', 'Gómez', 'Cl. 12 # 34-56', 'Barranquilla', '344-890-1234', 'tomas.martinez@cliente.com'),
('4040404019', 'Camila', 'Ramírez', 'López', 'Av. 23 # 45-67', 'Barranquilla', '344-901-2345', 'camila.ramirez@cliente.com'),
('4040404020', 'Martín', 'Martínez', 'Gómez', 'Cl. 34 # 56-78', 'Barranquilla', '344-012-3456', 'martin.martinez@cliente.com'),
-- surcursal 5 (cartagena)
('5050505001', 'Ana', 'Martínez', 'Gómez', 'Cl. 45 # 67-89', 'Cartagena', '355-123-4567', 'ana.martinez@cliente.com'),
('5050505002', 'Juan', 'López', 'Ramírez', 'Av. 56 # 78-90', 'Cartagena', '355-234-5678', 'juan.lopez@cliente.com'),
('5050505003', 'María', 'Martínez', 'Gómez', 'Cl. 67 # 89-01', 'Cartagena', '355-345-6789', 'maria.martinez@cliente.com'),
('5050505004', 'Andrés', 'López', 'Ramírez', 'Av. 78 # 90-12', 'Cartagena', '355-456-7890', 'andres.lopez@cliente.com'),
('5050505005', 'Sofía', 'Martínez', 'Gómez', 'Cl. 90 # 12-34', 'Cartagena', '355-567-8901', 'sofia.martinez@cliente.com'),
('5050505006', 'Mateo', 'López', 'Ramírez', 'Av. 01 # 23-45', 'Cartagena', '355-678-9012', 'mateo.lopez@cliente.com'),
('5050505007', 'Camila', 'Martínez', 'Gómez', 'Cl. 12 # 34-56', 'Cartagena', '355-789-0123', 'camila.martinez@cliente.com'),
('5050505008', 'Martín', 'López', 'Ramírez', 'Av. 23 # 45-67', 'Cartagena', '355-890-1234', 'martin.lopez@cliente.com'),
('5050505009', 'Lucía', 'Martínez', 'Gómez', 'Cl. 34 # 56-78', 'Cartagena', '355-901-2345', 'lucia.martinez@cliente.com'),
('5050505010', 'Tomás', 'López', 'Ramírez', 'Av. 45 # 67-89', 'Cartagena', '355-012-3456', 'tomas.lopez@cliente.com'),
('5050505011', 'Valentina', 'Martínez', 'Gómez', 'Cl. 56 # 78-90', 'Cartagena', '355-123-4567', 'valentina.martinez@cliente.com'),
('5050505012', 'Juan Pablo', 'López', 'Ramírez', 'Av. 67 # 89-01', 'Cartagena', '355-234-5678', 'juanpablo.lopez@cliente.com'),
('5050505013', 'Juliana', 'Martínez', 'Gómez', 'Cl. 78 # 90-12', 'Cartagena', '355-345-6789', 'juliana.martinez@cliente.com'),
('5050505014', 'Sebastián', 'López', 'Ramírez', 'Av. 89 # 01-23', 'Cartagena', '355-456-7890', 'sebastian.lopez@cliente.com'),
('5050505015', 'Valeria', 'Martínez', 'Gómez', 'Cl. 90 # 12-34', 'Cartagena', '355-567-8901', 'valeria.martinez@cliente.com'),
('5050505016', 'Daniel', 'López', 'Ramírez', 'Av. 01 # 23-45', 'Cartagena', '355-678-9012', 'daniel.lopez@cliente.com'),
('5050505017', 'Luciana', 'Martínez', 'Gómez', 'Cl. 12 # 34-56', 'Cartagena', '355-789-0123', 'luciana.martinez@cliente.com'),
('5050505018', 'Tomás', 'López', 'Ramírez', 'Av. 23 # 45-67', 'Cartagena', '355-890-1234', 'tomas.lopez@cliente.com'),
('5050505019', 'Camila', 'Martínez', 'Gómez', 'Cl. 34 # 56-78', 'Cartagena', '355-901-2345', 'camila.martinez@cliente.com'),
('5050505020', 'Martín', 'López', 'Ramírez', 'Av. 45 # 67-89', 'Cartagena', '355-012-3456', 'martin.lopez@cliente.com');

-- inserciones vehiculo
INSERT INTO Vehiculo (tipo_vehiculo, placa, referencia, modelo, puertas, capacidad, sunroof, motor, color) VALUES
('Sedán', 'ABC1001', 'Toyota Corolla', 2020, 4, 5, false, '1.8L', 'Rojo'),
('Compacto', 'DEF1002', 'Honda Civic', 2019, 4, 5, false, '2.0L', 'Azul'),
('Camioneta Platón', 'GHI1003', 'Ford Ranger', 2021, 4, 5, true, '2.3L', 'Negro'),
('Camioneta Lujo', 'JKL1004', 'BMW X5', 2022, 4, 5, true, '3.0L', 'Blanco'),
('Deportivo', 'MNO1005', 'Chevrolet Camaro', 2023, 2, 4, true, '6.2L', 'Amarillo'),
('Sedán', 'PQR1006', 'Hyundai Elantra', 2021, 4, 5, false, '2.0L', 'Verde'),
('Compacto', 'STU1007', 'Ford Fiesta', 2018, 4, 5, false, '1.6L', 'Gris'),
('Camioneta Platón', 'VWX1008', 'Nissan Frontier', 2022, 4, 5, true, '2.5L', 'Rojo'),
('Camioneta Lujo', 'YZA1009', 'Audi Q7', 2021, 4, 7, true, '3.0L', 'Negro'),
('Deportivo', 'BCD1010', 'Porsche 911', 2023, 2, 4, true, '3.8L', 'Blanco'),
('Sedán', 'EFG1011', 'Kia Forte', 2020, 4, 5, false, '2.0L', 'Azul'),
('Compacto', 'HIJ1012', 'Mazda 3', 2019, 4, 5, false, '2.5L', 'Negro'),
('Camioneta Platón', 'KLM1013', 'Toyota Tacoma', 2021, 4, 5, true, '3.5L', 'Verde'),
('Camioneta Lujo', 'NOP1014', 'Mercedes-Benz GLE', 2022, 4, 5, true, '3.0L', 'Blanco'),
('Deportivo', 'QRS1015', 'Ford Mustang', 2023, 2, 4, true, '5.0L', 'Amarillo'),
('Sedán', 'TUV1016', 'Volkswagen Jetta', 2021, 4, 5, false, '1.4L', 'Rojo'),
('Compacto', 'WXY1017', 'Chevrolet Cruze', 2018, 4, 5, false, '1.8L', 'Azul'),
('Camioneta Platón', 'ZAB1018', 'Chevrolet Colorado', 2022, 4, 5, true, '3.6L', 'Negro'),
('Camioneta Lujo', 'CDE1019', 'Range Rover Sport', 2021, 4, 7, true, '3.0L', 'Blanco'),
('Deportivo', 'FGH1020', 'Nissan GT-R', 2023, 2, 4, true, '3.8L', 'Rojo'),
('Sedán', 'IJK1021', 'Honda Accord', 2020, 4, 5, false, '1.5L', 'Negro'),
('Compacto', 'LMN1022', 'Toyota Yaris', 2019, 4, 5, false, '1.5L', 'Blanco'),
('Camioneta Platón', 'OPQ1023', 'Ford F-150', 2021, 4, 5, true, '3.3L', 'Rojo'),
('Camioneta Lujo', 'RST1024', 'Lexus RX', 2022, 4, 5, true, '3.5L', 'Azul'),
('Deportivo', 'UVW1025', 'Dodge Challenger', 2023, 2, 4, true, '6.2L', 'Negro'),
('Sedán', 'XYZ1026', 'Nissan Altima', 2021, 4, 5, false, '2.5L', 'Gris'),
('Compacto', 'ABC1027', 'Hyundai Accent', 2018, 4, 5, false, '1.6L', 'Verde'),
('Camioneta Platón', 'DEF1028', 'Ram 1500', 2022, 4, 5, true, '5.7L', 'Negro'),
('Camioneta Lujo', 'GHI1029', 'BMW X3', 2021, 4, 5, true, '2.0L', 'Blanco'),
('Deportivo', 'JKL1030', 'Audi TT', 2023, 2, 4, true, '2.5L', 'Rojo'),
('Sedán', 'MNO1031', 'Subaru Legacy', 2020, 4, 5, false, '2.5L', 'Azul'),
('Compacto', 'PQR1032', 'Volkswagen Golf', 2019, 4, 5, false, '2.0L', 'Gris'),
('Camioneta Platón', 'STU1033', 'Chevrolet Silverado', 2021, 4, 5, true, '4.3L', 'Negro'),
('Camioneta Lujo', 'VWX1034', 'Volvo XC90', 2022, 4, 7, true, '2.0L', 'Blanco'),
('Deportivo', 'YZA1035', 'Jaguar F-Type', 2023, 2, 4, true, '5.0L', 'Amarillo'),
('Sedán', 'BCD1036', 'Mazda 6', 2021, 4, 5, false, '2.5L', 'Rojo'),
('Compacto', 'EFG1037', 'Kia Rio', 2018, 4, 5, false, '1.6L', 'Azul'),
('Camioneta Platón', 'HIJ1038', 'GMC Sierra', 2022, 4, 5, true, '5.3L', 'Negro'),
('Camioneta Lujo', 'KLM1039', 'Audi Q5', 2021, 4, 5, true, '2.0L', 'Blanco'),
('Deportivo', 'NOP1040', 'BMW Z4', 2023, 2, 4, true, '3.0L', 'Rojo'),
('Sedán', 'QRS1041', 'Honda Civic', 2020, 4, 5, false, '1.5L', 'Negro'),
('Compacto', 'TUV1042', 'Ford Focus', 2019, 4, 5, false, '2.0L', 'Blanco'),
('Camioneta Platón', 'WXY1043', 'Toyota Tundra', 2021, 4, 5, true, '5.7L', 'Rojo'),
('Camioneta Lujo', 'ZAB1044', 'Porsche Cayenne', 2022, 4, 5, true, '3.0L', 'Azul'),
('Deportivo', 'CDE1045', 'Chevrolet Corvette', 2023, 2, 4, true, '6.2L', 'Negro'),
('Sedán', 'FGH1046', 'Kia Optima', 2021, 4, 5, false, '2.4L', 'Gris'),
('Compacto', 'IJK1047', 'Nissan Versa', 2018, 4, 5, false, '1.6L', 'Verde'),
('Camioneta Platón', 'LMN1048', 'Ford Ranger', 2022, 4, 5, true, '2.3L', 'Negro'),
('Camioneta Lujo', 'OPQ1049', 'Lexus LX', 2021, 4, 7, true, '5.7L', 'Blanco'),
('Deportivo', 'RST1050', 'Maserati GranTurismo', 2023, 2, 4, true, '4.7L', 'Rojo'),
('Sedán', 'UVW1051', 'Hyundai Sonata', 2020, 4, 5, false, '2.5L', 'Azul'),
('Compacto', 'XYZ1052', 'Chevrolet Spark', 2019, 4, 5, false, '1.4L', 'Gris'),
('Camioneta Platón', 'ABC1053', 'Toyota Hilux', 2021, 4, 5, true, '2.8L', 'Negro'),
('Camioneta Lujo', 'DEF1054', 'Volvo XC60', 2022, 4, 7, true, '2.0L', 'Blanco'),
('Deportivo', 'GHI1055', 'Aston Martin Vantage', 2023, 2, 4, true, '4.0L', 'Amarillo'),
('Sedán', 'JKL1056', 'Toyota Camry', 2021, 4, 5, false, '2.5L', 'Rojo'),
('Compacto', 'MNO1057', 'Mazda 2', 2018, 4, 5, false, '1.5L', 'Azul'),
('Camioneta Platón', 'PQR1058', 'Nissan Navara', 2022, 4, 5, true, '2.5L', 'Negro'),
('Camioneta Lujo', 'STU1059', 'BMW X6', 2021, 4, 7, true, '3.0L', 'Blanco'),
('Deportivo', 'VWX1060', 'Lamborghini Huracan', 2023, 2, 4, true, '5.2L', 'Rojo'),
('Sedán', 'YZA1061', 'Ford Fusion', 2020, 4, 5, false, '1.5L', 'Negro'),
('Compacto', 'BCD1062', 'Honda Fit', 2019, 4, 5, false, '1.5L', 'Blanco'),
('Camioneta Platón', 'EFG1063', 'Chevrolet Colorado', 2021, 4, 5, true, '3.6L', 'Rojo'),
('Camioneta Lujo', 'HIJ1064', 'Mercedes-Benz GLC', 2022, 4, 5, true, '3.0L', 'Azul'),
('Deportivo', 'KLM1065', 'Ferrari 488', 2023, 2, 4, true, '3.9L', 'Negro'),
('Sedán', 'NOP1066', 'Kia Stinger', 2021, 4, 5, false, '3.3L', 'Gris'),
('Compacto', 'QRS1067', 'Toyota Prius', 2018, 4, 5, false, '1.8L', 'Verde'),
('Camioneta Platón', 'TUV1068', 'Ford F-250', 2022, 4, 5, true, '6.2L', 'Negro'),
('Camioneta Lujo', 'WXY1069', 'Jaguar F-Pace', 2021, 4, 7, true, '3.0L', 'Blanco'),
('Deportivo', 'ZAB1070', 'McLaren 720S', 2023, 2, 4, true, '4.0L', 'Rojo'),
('Sedán', 'CDE1071', 'Honda Accord', 2020, 4, 5, false, '1.5L', 'Azul'),
('Compacto', 'FGH1072', 'Chevrolet Sonic', 2019, 4, 5, false, '1.8L', 'Gris'),
('Camioneta Platón', 'IJK1073', 'Ram 1500', 2021, 4, 5, true, '5.7L', 'Negro'),
('Camioneta Lujo', 'LMN1074', 'Porsche Macan', 2022, 4, 7, true, '2.9L', 'Blanco'),
('Deportivo', 'OPQ1075', 'Lotus Evora', 2023, 2, 4, true, '3.5L', 'Amarillo'),
('Sedán', 'RST1076', 'Mazda 6', 2021, 4, 5, false, '2.5L', 'Rojo'),
('Compacto', 'UVW1077', 'Hyundai Elantra', 2018, 4, 5, false, '1.6L', 'Azul'),
('Camioneta Platón', 'XYZ1078', 'Toyota Tundra', 2022, 4, 5, true, '5.7L', 'Negro'),
('Camioneta Lujo', 'ABC1079', 'Audi Q7', 2021, 4, 7, true, '3.0L', 'Blanco'),
('Deportivo', 'DEF1080', 'Nissan 370Z', 2023, 2, 4, true, '3.7L', 'Rojo'),
('Sedán', 'GHI1081', 'Ford Taurus', 2020, 4, 5, false, '3.5L', 'Negro'),
('Compacto', 'JKL1082', 'Mazda 3', 2019, 4, 5, false, '2.0L', 'Blanco'),
('Camioneta Platón', 'MNO1083', 'Nissan Titan', 2021, 4, 5, true, '5.6L', 'Rojo'),
('Camioneta Lujo', 'PQR1084', 'Lexus NX', 2022, 4, 5, true, '2.0L', 'Azul'),
('Deportivo', 'STU1085', 'Chevrolet Camaro', 2023, 2, 4, true, '6.2L', 'Negro'),
('Sedán', 'VWX1086', 'Hyundai Sonata', 2021, 4, 5, false, '2.0L', 'Gris'),
('Compacto', 'YZA1087', 'Ford Focus', 2018, 4, 5, false, '2.0L', 'Verde'),
('Camioneta Platón', 'BCD1088', 'Chevrolet Silverado', 2022, 4, 5, true, '5.3L', 'Negro'),
('Camioneta Lujo', 'EFG1089', 'Mercedes-Benz GLE', 2021, 4, 7, true, '3.0L', 'Blanco'),
('Deportivo', 'HIJ1090', 'Dodge Charger', 2023, 2, 4, true, '6.2L', 'Rojo'),
('Sedán', 'KLM1091', 'Toyota Camry', 2020, 4, 5, false, '2.5L', 'Azul'),
('Compacto', 'NOP1092', 'Kia Forte', 2019, 4, 5, false, '2.0L', 'Gris'),
('Camioneta Platón', 'QRS1093', 'Toyota Tacoma', 2021, 4, 5, true, '3.5L', 'Negro'),
('Camioneta Lujo', 'TUV1094', 'Range Rover Velar', 2022, 4, 7, true, '2.0L', 'Blanco'),
('Deportivo', 'WXY1095', 'Aston Martin DB11', 2023, 2, 4, true, '5.2L', 'Amarillo'),
('Sedán', 'ZAB1096', 'Honda Accord', 2021, 4, 5, false, '1.5L', 'Rojo'),
('Compacto', 'CDE1097', 'Volkswagen Golf', 2018, 4, 5, false, '1.8L', 'Azul'),
('Camioneta Platón', 'FGH1098', 'Ford Ranger', 2022, 4, 5, true, '2.3L', 'Negro'),
('Camioneta Lujo', 'IJK1099', 'Volvo XC90', 2021, 4, 7, true, '2.0L', 'Blanco'),
('Deportivo', 'LMN1100', 'Ferrari Portofino', 2023, 2, 4, true, '3.9L', 'Rojo');

